{"generator_loss": {"1": 23.37696023420854, "2": 26.485113393176686, "3": 49.54750581221147, "4": 72.09023167870261, "5": 75.76856938275424}, "discriminator_loss": {"1": 0.10013495220135321, "2": 4.92143711260889e-05, "3": 0.061474349533388546, "4": 0.005024420517425362, "5": 0.008120351870463912}}