{"generator_loss": {"1": 8.776663912968202, "2": 6.856772417371923, "3": 7.420157833532854, "4": 7.946022496982054, "5": 8.428064064546065, "6": 8.674528907645833, "7": 8.945876479148865, "8": 9.207932954484766, "9": 9.246534523638813, "10": 9.18902791630138, "11": 10.00716370344162, "12": 10.238806063478643, "13": 10.362014206972988, "14": 10.414304706183346, "15": 10.796571883288296, "16": 10.879624767736955, "17": 11.229120156981729, "18": 11.401874271306125, "19": 11.54868547482924, "20": 11.283368652517145, "21": 11.86731592091647, "22": 11.987885068763386, "23": 12.06894889202985}, "discriminator_loss": {"1": 0.22281229170039296, "2": 0.05245062095028433, "3": 0.031726305013183846, "4": 0.016584061927543105, "5": 0.01039325991984118, "6": 0.007232582270675762, "7": 0.005272572971245443, "8": 0.0040901182140012015, "9": 0.0038795734276804565, "10": 0.006518139895475047, "11": 0.0028145833877550267, "12": 0.0020263888449831443, "13": 0.0016469830741036938, "14": 0.0015178914909483865, "15": 0.0013866732313710434, "16": 0.0012883291704135693, "17": 0.0010814614139566072, "18": 0.0008420289523201063, "19": 0.0007588665116186762, "20": 0.0009949293863345783, "21": 0.0006111358134975572, "22": 0.0004932833784220169, "23": 0.0004305928015872434}}