{"generator_loss": {"1": 41.583232488632206, "2": 40.47481579780579, "3": 40.378217449188234, "4": 40.339891548156736, "5": 40.2526113653183, "6": 39.94792316913605, "7": 39.58548045158386, "8": 39.3564341878891}, "discriminator_loss": {"1": 0.26896331932861356, "2": 0.2753107245801948, "3": 0.2840087325847708, "4": 0.287035621535033, "5": 0.2853484108275734, "6": 0.29685603400692345, "7": 0.29681507766712456, "8": 0.3005038800300099}}