{"generator_loss": {"1": 14.872460522434928, "2": 15.507588684558868}, "discriminator_loss": {"1": 2.5098891765909766e-05, "2": 1.2660646844282878e-05}}