{"generator_loss": {"1": 13.082638691772114, "2": 10.09634731574492, "3": 10.459123123775829, "4": 10.907718994400717}, "discriminator_loss": {"1": 0.030353158388276246, "2": 0.002177989599824121, "3": 0.0008796188220995563, "4": 0.00043701750027222175}}