{"generator_loss": {"1": 14.300739949399775, "2": 13.157028447497975, "3": 13.894373368133198, "4": 14.235041851347143}, "discriminator_loss": {"1": 0.01413693933541667, "2": 9.868812813610103e-05, "3": 4.743625913761207e-05, "4": 4.464798288691699e-05}}