{"generator_loss": {"1": 41.47907723903656, "2": 40.949466695785524, "3": 40.85351915359497, "4": 40.52517049789429, "5": 40.294875402450565, "6": 40.08976601600647, "7": 39.71946246623993, "8": 39.02704369544983, "9": 38.216128740310666, "10": 37.202407331466674, "11": 36.6412788105011, "12": 35.956030592918395}, "discriminator_loss": {"1": 0.28133902974426744, "2": 0.2754928857740015, "3": 0.2929287970578298, "4": 0.3055863361572847, "5": 0.2969614097941667, "6": 0.30205457109957934, "7": 0.29022813542746007, "8": 0.31154042622074485, "9": 0.30163259549764915, "10": 0.3181920755025931, "11": 0.31668713947292415, "12": 0.32556459759362044}}