{"generator_loss": {"1": 14.526397759264166, "2": 10.744872320782054, "3": 11.477082122455943, "4": 11.949027695439078, "5": 12.354768146168102, "6": 11.452653817155145, "7": 8.605785605582325, "8": 9.269562103531577, "9": 9.93015718460083, "10": 10.357974345033819, "11": 10.822059864347631, "12": 11.035158894278787}, "discriminator_loss": {"1": 0.0169184214835034, "2": 0.0009083460582504896, "3": 0.00034570300927457123, "4": 0.00013647846848967177, "5": 8.229558970511293e-05, "6": 0.0338504855528754, "7": 0.0015708242793731517, "8": 0.000680596027285157, "9": 0.00033469741819399957, "10": 0.00022957621753117894, "11": 0.00020003987405785168, "12": 0.00018397343038404043}}