{"generator_loss": {"1": 9.842822118238969, "2": 6.103779790076342, "3": 6.066937381570989, "4": 6.187564264644276, "5": 6.445557629520243, "6": 6.713343850590966, "7": 7.236273004250093, "8": 7.494683344255794, "9": 7.753683894872665, "10": 7.969444705681368}, "discriminator_loss": {"1": 0.19537960018285297, "2": 0.051566598640585486, "3": 0.024257870359261604, "4": 0.01527309453707527, "5": 0.010064373914660378, "6": 0.009709425537783483, "7": 0.006213917799124663, "8": 0.0046773766675456, "9": 0.0036257261487083847, "10": 0.0028212118049850687}}