{"generator_loss": {"1": 34.70750733852387, "2": 33.614613308906556, "3": 32.607864270210264, "4": 31.67048490047455, "5": 30.945779552459715}, "discriminator_loss": {"1": 0.3212339848140255, "2": 0.34219748444855214, "3": 0.3340079755242914, "4": 0.3375731075368822, "5": 0.33990762106142935}}