{"generator_loss": {"1": 8.515902890400453, "2": 6.477845308455554, "3": 7.335012216459621, "4": 7.9337967742573134, "5": 8.165522702715613, "6": 8.605916023254395, "7": 8.887515198100697, "8": 9.16350571675734, "9": 9.362613981420344, "10": 9.717627882957458, "11": 9.933406298810786, "12": 10.038496261293238, "13": 9.786032069813121, "14": 10.199598821726712, "15": 10.458766238255935, "16": 10.79119321974841, "17": 10.972968589175832, "18": 10.841753775423223, "19": 11.266982219435953, "20": 11.43113692782142, "21": 11.468745638023723, "22": 11.58989434892481, "23": 11.667706988074563, "24": 11.775490256873043, "25": 11.909438133239746, "26": 12.030437491156839, "27": 12.218551397323608, "28": 12.259231133894486, "29": 12.331402220509268, "30": 12.452718772671439, "31": 12.643243367021734, "32": 12.810706122355027, "33": 12.910280970009891, "34": 12.541399012912404, "35": 12.894918647679416, "36": 13.10923531922427, "37": 13.25396671078422, "38": 13.313096257773312, "39": 13.258301583203403, "40": 13.355874852700667, "41": 13.45958269184286, "42": 13.24639517068863, "43": 13.801561929962851, "44": 13.378752367063003, "45": 13.570184902711349, "46": 13.71604504368522, "47": 10.75127806446769, "48": 8.6877510628917, "49": 9.690965408628637, "50": 10.086741116913883, "51": 10.283617984164845, "52": 10.598618464036422, "53": 10.725621824914759, "54": 10.847540730779821, "55": 11.018746002153916, "56": 11.050184071063995, "57": 11.045288562774658, "58": 10.96177383444526, "59": 11.264543332836844, "60": 11.396816383708607, "61": 11.816137373447418, "62": 12.143746132200414, "63": 12.386194494637577, "64": 12.628908211534673, "65": 12.69981866533106, "66": 12.090546418320049, "67": 12.303268719803203, "68": 12.60130489956249, "69": 12.803853836926548, "70": 12.596629018133337, "71": 12.8626739599488, "72": 13.235604221170599, "73": 13.555556725371968, "74": 13.8081472678618, "75": 13.922713669863613, "76": 13.850256475535305, "77": 13.68881834637035, "78": 13.658703473481266, "79": 13.939424764026295, "80": 14.175967471166091, "81": 14.351945270191539, "82": 14.510657754811374, "83": 14.664063437418504, "84": 14.830087905580347, "85": 14.981965525583787, "86": 15.11391731825742, "87": 15.245363067496907, "88": 15.369279731403697, "89": 15.498706535859542, "90": 15.630896931344813, "91": 15.666297549551183, "92": 15.751316699114712, "93": 15.89059605923566, "94": 15.970547757365487, "95": 16.065623543479226, "96": 16.054387607357718, "97": 16.077264894138683, "98": 16.200484091585334, "99": 16.3580467375842, "100": 16.498692880977284, "101": 16.636545007879082, "102": 16.71596244248477, "103": 16.854640212925997, "104": 16.97999452460896, "105": 17.095960411158476, "106": 17.211406458507884, "107": 17.320345076647673, "108": 17.42443677512082, "109": 17.536905201998625, "110": 17.63586573167281, "111": 17.73402568426999, "112": 17.83309951695529, "113": 17.939296852458607, "114": 18.049164988777854, "115": 18.159278533675455, "116": 18.277478575706482, "117": 18.394195459105752, "118": 18.520545211705294, "119": 18.486225518313322, "120": 18.552535512230612, "121": 18.688431295481596, "122": 18.81796198541468, "123": 18.939281409437005, "124": 19.03601201014085, "125": 19.135094826871697, "126": 19.259146809577942, "127": 19.374950365586713, "128": 19.515808257189665, "129": 19.57535673271526, "130": 19.672687801447783, "131": 19.77687507325953, "132": 19.852549130266365, "133": 19.947114738551054, "134": 20.072744954716075, "135": 20.179232456467368, "136": 20.285827138207175, "137": 20.32250824841586, "138": 20.43340096690438, "139": 20.53455113280903, "140": 20.637273008173164, "141": 20.73801955309781, "142": 20.835146871480074, "143": 20.939525983550332, "144": 21.041452960534528, "145": 21.13322604786266, "146": 21.227875124324452, "147": 21.328947750004854, "148": 21.418123201890424, "149": 21.51029143550179, "150": 21.599550702355124, "151": 21.690863923593, "152": 21.786868453025818, "153": 21.896862485192038, "154": 22.009590896693144, "155": 22.114767399701204, "156": 22.21038008819927, "157": 22.234409007159147, "158": 22.35361792824485, "159": 22.447011730887674, "160": 22.556348182938315, "161": 22.660324876958672, "162": 22.757297418334268, "163": 22.857752084732056, "164": 22.95936062119224, "165": 23.05341987176375, "166": 23.141146887432445, "167": 23.228250243447043, "168": 23.3074632991444, "169": 23.367854140021585, "170": 23.455385316501964, "171": 23.523364175449718, "172": 23.585390979593452, "173": 23.63059838251634, "174": 23.692519122904, "175": 23.735299489714883, "176": 23.797359997575935, "177": 23.872708450664174, "178": 23.946228818459943, "179": 24.019753954627298, "180": 24.059481089765374, "181": 24.133661649443887, "182": 24.20208005471663, "183": 24.273912375623528, "184": 24.33873742276972, "185": 22.186872460625388, "186": 21.610921025276184, "187": 21.443705797195435, "188": 21.3045791387558, "189": 20.961044224825773, "190": 20.766944245858625, "191": 20.6119539195841, "192": 20.489571950652383, "193": 20.38846994530071, "194": 20.310830777341668, "195": 20.26430461623452, "196": 20.23856600848111, "197": 20.197070598602295, "198": 20.165872237899087, "199": 20.128112522038546, "200": 20.114349246025085}, "discriminator_loss": {"1": 0.2001014892011881, "2": 0.0469320817342536, "3": 0.028440542783672838, "4": 0.015176304885905913, "5": 0.011307762983382087, "6": 0.007159988462014801, "7": 0.0051108506688086145, "8": 0.003809988993452862, "9": 0.0033492200282952663, "10": 0.002689846682849086, "11": 0.002159960085092197, "12": 0.0017944995204082013, "13": 0.0025412527816528877, "14": 0.001806514714024326, "15": 0.0016415266125642863, "16": 0.001216419167493851, "17": 0.0009599302492543674, "18": 0.0011060251854360104, "19": 0.0007236784083281898, "20": 0.0005760232730112461, "21": 0.000527401166023496, "22": 0.0004962098848244005, "23": 0.00041753024561330676, "24": 0.0003796107585830296, "25": 0.00033313711851819375, "26": 0.0002928312045365932, "27": 0.00023604388793914538, "28": 0.00021879737356688236, "29": 0.0002110459718923349, "30": 0.00019508237867491764, "31": 0.00016558202489911557, "32": 0.00014451861608739074, "33": 0.0001252869956260838, "34": 0.00018889601266313218, "35": 0.00013976987247588113, "36": 0.00011663586672677246, "37": 9.38491320994217e-05, "38": 7.74953237768469e-05, "39": 7.855047174003134e-05, "40": 7.573356788270758e-05, "41": 6.605823407632919e-05, "42": 8.010613150459407e-05, "43": 5.761006547221438e-05, "44": 6.440736681476913e-05, "45": 5.8170524095079266e-05, "46": 9.949631697219792e-05, "47": 0.005883542752020399, "48": 0.001623422299334462, "49": 0.0009036820457285186, "50": 0.0005606484744269189, "51": 0.0004622724936780287, "52": 0.00039711064991107293, "53": 0.0003703102948665301, "54": 0.00031588168382189576, "55": 0.0002554512542370834, "56": 0.00019018130007514793, "57": 0.0001726304366126318, "58": 0.00017968577388025798, "59": 0.00017329422470621384, "60": 0.00020567549828146267, "61": 0.00017572014381915903, "62": 0.000145262573906538, "63": 0.00013808163843846572, "64": 0.00011988157046454779, "65": 9.563000236829049e-05, "66": 5.991547207238248e-05, "67": 5.378450489181639e-05, "68": 5.17462965283564e-05, "69": 5.4156930011892904e-05, "70": 6.549537810811175e-05, "71": 7.318990000468065e-05, "72": 6.865235509807958e-05, "73": 5.8338623127631514e-05, "74": 4.94495843048009e-05, "75": 4.479832676390122e-05, "76": 4.327902729528432e-05, "77": 4.186066890228672e-05, "78": 4.0429834722420886e-05, "79": 3.467359942987969e-05, "80": 2.988586107800405e-05, "81": 2.6596661210863783e-05, "82": 2.4061303478943458e-05, "83": 2.1973628959544428e-05, "84": 1.9777829854981313e-05, "85": 1.776915100683916e-05, "86": 1.6159950255521174e-05, "87": 1.4667361504259382e-05, "88": 1.3327043151631104e-05, "89": 1.2121870993682519e-05, "90": 1.1041082871088292e-05, "91": 1.0366915246736012e-05, "92": 9.523878640555433e-06, "93": 8.640314004796066e-06, "94": 7.938741914999396e-06,