{"generator_loss": {"1": 41.4673663854599, "2": 40.838278059959414, "3": 40.7029931640625, "4": 40.67720813751221, "5": 40.433817963600156}, "discriminator_loss": {"1": 0.27559548675082624, "2": 0.25808664662763475, "3": 0.2877047351608053, "4": 0.3062737216474488, "5": 0.28803443456301464}}