{"generator_loss": {"1": 33.29578924179077, "2": 11.107124328613281, "3": 7.188897609710693, "4": 6.767133355140686, "5": 3.910362422466278, "6": 3.813199281692505, "7": 3.5949366688728333, "8": 2.7530181407928467, "9": 3.1249062418937683, "10": 2.3639106154441833, "11": 2.193069875240326, "12": 2.2695687413215637, "13": 2.1559353470802307, "14": 2.751255512237549, "15": 2.4861806631088257, "16": 2.3143069744110107, "17": 2.2387479543685913, "18": 2.032132089138031, "19": 2.183377504348755, "20": 2.09517440199852, "21": 2.1807519793510437, "22": 1.9873308837413788, "23": 1.6675570607185364, "24": 1.7894829511642456, "25": 1.7233003973960876, "26": 1.5790776014328003, "27": 2.769676685333252, "28": 2.213241845369339, "29": 1.6753126382827759, "30": 1.8851035237312317, "31": 1.5253625810146332, "32": 1.4365366995334625, "33": 1.7112736999988556, "34": 1.886420339345932, "35": 1.6507269740104675, "36": 1.2633470296859741, "37": 1.8826830983161926, "38": 1.2820241451263428, "39": 1.3636473715305328, "40": 1.6214283406734467, "41": 1.3119176030158997, "42": 1.5192583203315735, "43": 1.324403464794159, "44": 1.8446561098098755, "45": 2.30796280503273, "46": 1.8856314420700073, "47": 1.6591612100601196, "48": 1.6458523273468018, "49": 1.602466881275177, "50": 1.4474481046199799, "51": 1.5067830383777618, "52": 1.367599070072174, "53": 1.4663987457752228, "54": 1.5004517436027527, "55": 1.4141224026679993, "56": 1.1984820812940598, "57": 1.2418676912784576, "58": 1.2820927500724792, "59": 1.4170646965503693, "60": 1.4044767022132874, "61": 1.2673127055168152, "62": 1.2115419507026672, "63": 1.2663427293300629, "64": 1.4772959649562836, "65": 1.318027824163437, "66": 1.2971602082252502, "67": 1.1927584409713745, "68": 1.260397344827652, "69": 1.1962084770202637, "70": 1.4894660115242004, "71": 1.2784473598003387, "72": 1.2683453559875488, "73": 1.2396256029605865, "74": 1.1284492462873459, "75": 1.7648926675319672, "76": 1.3539227694272995, "77": 1.4593086242675781, "78": 1.199946567416191, "79": 1.114559382200241, "80": 1.0949314385652542, "81": 1.2290706634521484, "82": 1.2816185355186462, "83": 1.1297328472137451, "84": 1.2854800522327423, "85": 1.171936810016632, "86": 1.1139521300792694, "87": 1.0823473632335663, "88": 1.0991228818893433, "89": 1.3473428785800934, "90": 1.417534127831459, "91": 1.129340648651123, "92": 1.3095354586839676, "93": 1.1189164370298386, "94": 1.1528423428535461, "95": 0.9440229088068008, "96": 1.1060202717781067, "97": 1.164295643568039, "98": 1.2316170036792755, "99": 1.0610118061304092, "100": 1.0304746627807617, "101": 1.188449889421463, "102": 1.1204941272735596, "103": 1.229365974664688, "104": 0.9311308562755585, "105": 1.0554972738027573, "106": 0.955782487988472, "107": 0.9337001740932465, "108": 0.9523394554853439, "109": 1.0971681624650955, "110": 0.9885334372520447, "111": 0.993600144982338, "112": 0.9321492314338684, "113": 1.0663992166519165, "114": 1.094316840171814, "115": 4.774925231933594, "116": 2.2510963678359985, "117": 1.6098482310771942, "118": 1.4289193749427795, "119": 1.2696880400180817, "120": 1.4124721884727478, "121": 1.0610858350992203, "122": 1.294566661119461, "123": 2.2217469960451126, "124": 1.804911494255066, "125": 1.4906388223171234, "126": 1.4940522611141205, "127": 1.4025141894817352, "128": 1.1266086548566818, "129": 1.2891194522380829, "130": 1.1988357454538345, "131": 1.0163633674383163, "132": 1.2892107665538788, "133": 1.142573967576027, "134": 1.241278350353241, "135": 1.0148252844810486, "136": 1.154767483472824, "137": 1.1588259935379028, "138": 1.1380322873592377, "139": 1.313323050737381, "140": 1.1426930129528046, "141": 1.161119669675827, "142": 1.497737854719162, "143": 1.1044510304927826, "144": 1.0651236772537231, "145": 1.1192403137683868, "146": 0.9900147169828415, "147": 1.2626939713954926, "148": 1.4293077886104584, "149": 1.0881204903125763, "150": 1.417394369840622, "151": 1.1596652120351791, "152": 1.0455189049243927, "153": 1.0564274340867996, "154": 1.0999632626771927, "155": 1.333821028470993, "156": 1.5314318537712097, "157": 1.3375642001628876, "158": 1.072748452425003, "159": 1.1321445554494858, "160": 1.2617382109165192, "161": 1.3038709163665771, "162": 1.8723276257514954, "163": 1.5204302370548248, "164": 1.5390938222408295, "165": 1.5079656839370728, "166": 1.1118207722902298, "167": 1.191507913172245, "168": 1.1253209561109543, "169": 1.3023996949195862, "170": 1.3103932738304138, "171": 1.1186966300010681, "172": 1.2327874898910522, "173": 1.3167151808738708, "174": 1.535107672214508, "175": 1.6301301717758179, "176": 1.1938739120960236, "177": 0.9548427015542984, "178": 1.1211669147014618, "179": 1.2706891894340515, "180": 1.0356281399726868, "181": 1.0733521580696106, "182": 1.0758469998836517, "183": 1.2832602262496948, "184": 1.4656310975551605, "185": 1.2958316802978516, "186": 1.092092901468277, "187": 1.1178405731916428, "188": 0.9518192410469055, "189": 0.9015689343214035, "190": 1.0837479531764984, "191": 1.233980655670166, "192": 1.2521043121814728, "193": 1.1211749613285065, "194": 1.1827522218227386, "195": 1.1687012016773224, "196": 1.0228181034326553, "197": 1.0464219003915787, "198": 0.9436236321926117, "199": 1.1017016172409058, "200": 1.0472754836082458}, "discriminator_loss": {"1": 0.5975872054696083, "2": 0.603034034371376, "3": 0.6085607707500458, "4": 0.5553427338600159, "5": 0.5922413766384125, "6": 0.41154704988002777, "7": 0.638345256447792, "8": 0.4445354491472244, "9": 0.8856943845748901, "10": 0.6678640246391296, "11": 0.6652895659208298, "12": 0.6523527503013611, "13": 0.6341407895088196, "14": 0.6285573244094849, "15": 0.6496391743421555, "16": 0.6531487256288528, "17": 0.6343646794557571, "18": 0.6581636965274811, "19": 0.692289412021637, "20": 0.6545785665512085, "21": 0.6392911598086357, "22": 0.6493743360042572, "23": 0.6271502375602722, "24": 0.6890343576669693, "25": 0.6509943157434464, "26": 0.6278344243764877, "27": 0.6589919328689575, "28": 0.6456509381532669, "29": 0.6500942409038544, "30": 0.6454268246889114, "31": 0.6614567190408707, "32": 0.6071818768978119, "33": 0.6144452840089798, "34": 0.6544457226991653, "35": 0.6339690834283829, "36": 0.6737458407878876, "37": 0.6323206871747971, "38": 0.675601989030838, "39": 0.6217997372150421, "40": 0.6228405386209488, "41": 0.6998950988054276, "42": 0.6532140225172043, "43": 0.6397671550512314, "44": 0.5896335989236832, "45": 0.6109154671430588, "46": 0.7039254158735275, "47": 0.6614368259906769, "48": 0.6446691006422043, "49": 0.6341008394956589, "50": 0.6356627196073532, "51": 0.6195093989372253, "52": 0.6329747885465622, "53": 0.6379656195640564, "54": 0.6307639181613922, "55": 0.6415766179561615, "56": 0.6717351675033569, "57": 0.6434073001146317, "58": 0.6745120584964752, "59": 0.6469399333000183, "60": 0.6333596706390381, "61": 0.6243941485881805, "62": 0.6544515937566757, "63": 0.6310622096061707, "64": 0.6449889242649078, "65": 0.632833406329155, "66": 0.6386183351278305, "67": 0.6205825060606003, "68": 0.6094365119934082, "69": 0.5955494791269302, "70": 0.6307555288076401, "71": 0.6985763907432556, "72": 0.6248292922973633, "73": 0.6499473452568054, "74": 0.642588809132576, "75": 0.5780937001109123, "76": 0.6275112926959991, "77": 0.6066629588603973, "78": 0.6926758587360382, "79": 0.6401093155145645, "80": 0.6521730571985245, "81": 0.5842801630496979, "82": 0.6407676190137863, "83": 0.59708371758461, "84": 0.7058304697275162, "85": 0.6448457390069962, "86": 0.651728630065918, "87": 0.678801953792572, "88": 0.6117127388715744, "89": 0.5841090083122253, "90": 0.6603519320487976, "91": 0.5825856328010559, "92": 0.618650272488594, "93": 0.6679858863353729, "94": 0.6626846045255661, "95": 0.6831584721803665, "96": 0.5915803760290146, "97": 0.5691793113946915, "98": 0.6643152832984924, "99": 0.657649502158165, "100": 0.6224777847528458, "101": 0.5205273926258087, "102": 0.577429860830307, "103": 0.6561818048357964, "104": 0.692876324057579,