{"generator_loss": {"1": 54.86105537414551, "2": 32.84512424468994, "3": 26.94826889038086, "4": 22.358789443969727, "5": 20.59869384765625, "6": 18.232604026794434, "7": 18.073583602905273, "8": 16.94749927520752, "9": 14.866047382354736, "10": 15.529807090759277, "11": 14.95752477645874, "12": 14.71333646774292, "13": 13.739024639129639, "14": 13.40394401550293, "15": 13.212092399597168, "16": 12.803303241729736, "17": 12.94178581237793, "18": 13.32239818572998, "19": 12.472715377807617, "20": 14.66447114944458, "21": 14.328069686889648, "22": 13.383454322814941, "23": 12.820369720458984, "24": 13.190292358398438, "25": 15.255561351776123, "26": 13.24995231628418, "27": 12.503220558166504, "28": 12.172550678253174, "29": 12.242486000061035, "30": 11.960222244262695, "31": 12.214615821838379, "32": 11.569937705993652, "33": 11.82337760925293, "34": 11.524417877197266, "35": 11.646754264831543, "36": 11.512964725494385, "37": 10.89844799041748, "38": 11.077225685119629, "39": 10.898205757141113, "40": 11.103798866271973, "41": 11.012178421020508, "42": 10.775968074798584, "43": 10.818326950073242, "44": 10.664966106414795, "45": 10.48844575881958, "46": 10.397191047668457, "47": 10.403826713562012, "48": 10.452666759490967, "49": 10.392559051513672, "50": 10.30726957321167, "51": 10.427235126495361, "52": 10.20384407043457, "53": 10.07422924041748, "54": 9.882621765136719, "55": 9.687256336212158, "56": 8.66701602935791, "57": 8.996761798858643, "58": 9.222010135650635, "59": 9.14065408706665, "60": 9.409889221191406, "61": 9.36807107925415, "62": 9.046288013458252, "63": 8.890040397644043, "64": 8.98046588897705, "65": 9.446948051452637, "66": 9.749627113342285, "67": 9.507129192352295, "68": 9.65270471572876, "69": 9.705926895141602, "70": 9.573951244354248, "71": 9.502626895904541, "72": 9.429314613342285, "73": 9.493565082550049, "74": 9.565182209014893, "75": 9.595808029174805, "76": 9.491639137268066, "77": 9.434623718261719, "78": 9.58219051361084, "79": 9.357767105102539, "80": 9.404960632324219, "81": 9.477137565612793, "82": 9.380775451660156, "83": 9.415970802307129, "84": 9.436680793762207, "85": 9.272888660430908, "86": 9.204756736755371, "87": 9.341028213500977, "88": 9.174871921539307, "89": 9.226436614990234, "90": 9.3279128074646, "91": 9.221158504486084, "92": 9.118722915649414, "93": 9.193878650665283, "94": 9.230796813964844, "95": 9.178953170776367, "96": 9.09767484664917, "97": 9.10736894607544, "98": 8.992674827575684, "99": 9.189270496368408, "100": 9.077118873596191, "101": 9.12332820892334, "102": 9.033796787261963, "103": 9.090388774871826, "104": 8.965882301330566, "105": 8.931515216827393, "106": 8.75031852722168, "107": 8.824106216430664, "108": 8.882027626037598, "109": 8.602835178375244, "110": 8.484539985656738, "111": 8.576093196868896, "112": 8.712331771850586, "113": 8.862447261810303, "114": 9.433152198791504, "115": 9.510324954986572, "116": 9.17249870300293, "117": 9.085006713867188, "118": 8.971401691436768, "119": 8.968411445617676, "120": 8.909214496612549, "121": 8.91045093536377, "122": 8.714069366455078, "123": 8.831862926483154, "124": 8.74483346939087, "125": 8.771965026855469, "126": 8.762972354888916, "127": 8.855655670166016, "128": 8.784509658813477, "129": 8.924678325653076, "130": 8.807153224945068, "131": 8.776265144348145, "132": 8.899415969848633, "133": 9.036662578582764, "134": 8.82987356185913, "135": 8.715946197509766, "136": 7.415701389312744, "137": 7.6583333015441895, "138": 7.8553948402404785, "139": 8.158532619476318, "140": 8.135849952697754, "141": 8.20405387878418, "142": 8.31019401550293, "143": 8.443921089172363, "144": 8.377710819244385, "145": 9.127515316009521, "146": 8.81532621383667, "147": 8.79523229598999, "148": 8.595467567443848, "149": 8.750181198120117, "150": 8.848387241363525, "151": 8.78882360458374, "152": 8.89108657836914, "153": 8.88231086730957, "154": 8.840549945831299, "155": 8.851373672485352, "156": 8.878967761993408, "157": 8.958052158355713, "158": 8.817453384399414, "159": 8.974056720733643, "160": 8.960906982421875, "161": 9.115110397338867, "162": 8.893279075622559, "163": 8.97952938079834, "164": 8.851579189300537, "165": 9.176827430725098, "166": 8.97641372680664, "167": 8.73039197921753, "168": 8.999536514282227, "169": 9.130341053009033, "170": 9.121181011199951, "171": 9.086814880371094, "172": 9.10362958908081, "173": 8.981845378875732, "174": 9.327532291412354, "175": 9.141971111297607, "176": 9.524212837219238, "177": 9.040120601654053, "178": 9.140110969543457, "179": 8.963983058929443, "180": 9.53154706954956, "181": 9.316339492797852, "182": 9.11470079421997, "183": 9.038927555084229, "184": 9.205755233764648, "185": 9.218862056732178, "186": 9.304584503173828, "187": 9.278207778930664, "188": 9.294636726379395, "189": 9.421196460723877, "190": 9.363101959228516, "191": 9.352506637573242, "192": 9.486074447631836, "193": 9.66873550415039, "194": 9.47658109664917, "195": 9.429150581359863, "196": 9.566163063049316, "197": 9.476100444793701, "198": 9.455254077911377, "199": 9.48110294342041, "200": 9.203071594238281, "201": 9.142921924591064, "202": 9.394468307495117, "203": 9.420888423919678, "204": 9.19142484664917, "205": 9.029758930206299, "206": 8.915607929229736}, "discriminator_loss": {"1": 0.604718953371048, "2": 0.33984699845314026, "3": 0.2198137789964676, "4": 0.1510026529431343, "5": 0.11793158575892448, "6": 0.0959557592868805, "7": 0.08048254624009132, "8": 0.06889022886753082, "9": 0.05997709557414055, "10": 0.05651213228702545, "11": 0.04728859290480614, "12": 0.04116872139275074, "13": 0.034672364592552185, "14": 0.03175034001469612, "15": 0.028988176956772804, "16": 0.028334632515907288, "17": 0.026887988671660423, "18": 0.02399236522614956, "19": 0.0220177685841918, "20": 0.029882431030273438, "21": 0.020089659839868546, "22": 0.02034088782966137, "23": 0.01900759432464838, "24": 0.018177970312535763, "25": 0.02103639766573906, "26": 0.014989574905484915, "27": 0.014666334725916386, "28": 0.01324099162593484, "29": 0.012696485966444016, "30": 0.012912396341562271, "31": 0.015268949791789055, "32": 0.014523593243211508, "33": 0.01315792789682746, "34": 0.012333940714597702, "35": 0.011572147719562054, "36": 0.011921470519155264, "37": 0.01240258663892746, "38": 0.013046864420175552, "39": 0.01244959607720375, "40": 0.01134949829429388, "41": 0.01137057552114129, "42": 0.01105771865695715, "43": 0.00958307459950447, "44": 0.009575640317052603, "45": 0.008114343974739313, "46": 0.007909558713436127, "47": 0.00716573977842927, "48": 0.00696142902597785, "49": 0.006729493383318186, "50": 0.006338006118312478, "51": 0.006077286554500461, "52": 0.0056820467580109835, "53": 0.0056363618932664394, "54": 0.00542676798067987, "55": 0.005826757289469242, "56": 0.009618609678000212, "57": 0.009343776851892471, "58": 0.008453302551060915, "59": 0.007185625843703747, "60": 0.006431540474295616, "61": 0.005951723549515009, "62": 0.005889815278351307, "63": 0.007596228271722794, "64": 0.00882023898884654, "65": 0.0071440874598920345, "66": 0.005815180251374841, "67": 0.005628814687952399, "68": 0.005147759336978197, "69": 0.00508170947432518, "70": 0.005213918164372444, "71": 0.004710240522399545, "72": 0.004360944032669067, "73": 0.004214870743453503, "74": 0.004160201409831643, "75": 0.00404804723802954, "76": 0.003768122522160411, "77": 0.0038292636163532734, "78": 0.003474065219052136, "79": 0.0034558920888230205, "80": 0.003295006579719484, "81": 0.0031697661615908146, "82": 0.0030724178068339825, "83": 0.0030257150065153837, "84": 0.002897378522902727, "85": 0.0028861997416242957, "86": 0.002833764301612973, "87": 0.002887202426791191, "88": 0.0028156426269561052, "89": 0.0027735999319702387, "90": 0.002773556625470519, "91": 0.0026690714294090867, "92": 0.002601967891678214, "93": 0.002561560249887407, "94": 0.0025457863230258226, "95": 0.002484195283614099, "96": 0.0024466586764901876, "97": 0.002369814785197377,