{"generator_loss": {"1": 47.96677038404677, "2": 31.11489423116048, "3": 24.353164460923935, "4": 23.171798282199436, "5": 25.22705904642741, "6": 24.305596033732098, "7": 24.064111073811848, "8": 23.97076161702474, "9": 23.811431672837998, "10": 24.20336956448025, "11": 24.247516844007706, "12": 24.09558614095052, "13": 24.212670856051975, "14": 24.017460081312393, "15": 24.213538699679905, "16": 23.93732918633355, "17": 22.828701655069988, "18": 26.034317016601562, "19": 25.561570273505318, "20": 25.404320822821724, "21": 24.76475927564833, "22": 24.181002298990887, "23": 23.046528074476456, "24": 27.818420516120064, "25": 24.438642713758682, "26": 22.31109619140625, "27": 21.46511353386773, "28": 21.533479266696506, "29": 21.74835925632053, "30": 22.053951899210613, "31": 27.129643546210396, "32": 26.068993886311848, "33": 29.2299616071913, "34": 32.29985788133409, "35": 27.46368514166938, "36": 26.395725674099392, "37": 25.600072860717773, "38": 25.498442755805122, "39": 25.362106959025066, "40": 25.49433665805393, "41": 25.588489956325954, "42": 25.39609040154351, "43": 25.709335962931316, "44": 25.52169926961263, "45": 25.437754313151043, "46": 26.354417588975693, "47": 23.03723822699653, "48": 22.335709465874565, "49": 22.515963872273762, "50": 22.546525107489693, "51": 21.116254594590927, "52": 20.404414070977104, "53": 21.553260803222656, "54": 21.204160690307617, "55": 36.54838773939345, "56": 36.51585981580946, "57": 35.44743389553494, "58": 35.06258010864258, "59": 34.66311560736762, "60": 34.46277957492404, "61": 38.20783487955729, "62": 39.89220004611545, "63": 36.11942333645291, "64": 32.88956303066678, "65": 30.21428616841634, "66": 29.062362882826065, "67": 28.144338183932835, "68": 27.71348147922092, "69": 27.474456787109375, "70": 27.41790050930447, "71": 27.00766118367513, "72": 26.987812678019207, "73": 26.85733307732476, "74": 26.781578699747723, "75": 26.698944515652126, "76": 26.64516470167372, "77": 26.750832239786785, "78": 26.56263181898329, "79": 26.548343234592014, "80": 26.463802973429363, "81": 26.526540332370335, "82": 26.415415869818794, "83": 26.468395445081924, "84": 26.59244770473904, "85": 26.469216452704536, "86": 26.410917705959744, "87": 26.37715212504069, "88": 26.329459720187717, "89": 26.353369606865776, "90": 26.297887590196396, "91": 26.30675506591797, "92": 26.284704208374023, "93": 26.226214302910698, "94": 26.48468165927463, "95": 26.31756125556098, "96": 26.269120110405815, "97": 26.282748964097763, "98": 26.249176661173504, "99": 26.23319583468967, "100": 26.215550952487522, "101": 26.290497038099502, "102": 26.33317756652832, "103": 26.354535208808052, "104": 26.378340403238933, "105": 26.311383353339302, "106": 26.195750554402668, "107": 26.163223054673935, "108": 26.197702407836914, "109": 26.159563912285698, "110": 26.153309292263454, "111": 26.12812402513292, "112": 26.12470202975803, "113": 26.113582187228733, "114": 26.11377059088813, "115": 26.086137771606445, "116": 26.1218876308865, "117": 26.101678636338974, "118": 26.091923395792644, "119": 26.084826999240452, "120": 26.084218555026585, "121": 26.0899600982666, "122": 26.078972498575848, "123": 26.063899993896484, "124": 26.064959208170574, "125": 26.064685821533203, "126": 26.06408225165473, "127": 26.044372982449, "128": 26.063415315416123, "129": 26.04723294576009, "130": 26.0468938615587, "131": 26.03532600402832, "132": 26.05729209052192, "133": 25.966237597995335, "134": 25.807491514417862, "135": 25.886750751071506, "136": 25.8082209693061, "137": 25.760713577270508, "138": 25.720796585083008, "139": 25.714263280232746, "140": 25.721652772691513, "141": 25.76583586798774, "142": 25.999753952026367, "143": 25.742328855726456, "144": 25.71270073784722, "145": 25.66711468166775, "146": 25.672306696573894, "147": 25.64458253648546, "148": 25.645314746432835, "149": 25.630299250284832, "150": 25.629153357611763, "151": 25.61707263522678, "152": 25.587899949815537, "153": 25.69460890028212, "154": 25.854056464301216, "155": 25.72539732191298, "156": 25.646785312228733, "157": 25.592967987060547, "158": 25.607900619506836, "159": 25.5936336517334, "160": 25.58768441942003, "161": 25.573939853244358, "162": 25.569854736328125, "163": 25.5851862165663, "164": 25.58074696858724, "165": 25.556644651624893, "166": 25.58476384480794, "167": 25.56472545199924, "168": 25.573291142781574, "169": 25.55289692348904, "170": 25.58406851026747, "171": 25.37499448988173, "172": 24.00860341389974, "173": 23.98663542005751, "174": 23.97737481858995, "175": 23.975262535942925, "176": 24.02614317999946, "177": 24.02098825242784, "178": 24.009892993503147, "179": 24.00505616929796, "180": 23.99875047471788, "181": 24.00762176513672, "182": 24.05817434522841, "183": 24.011371824476456, "184": 24.194182925754124, "185": 24.248777389526367, "186": 24.06132909986708, "187": 24.061821195814346, "188": 24.053504943847656, "189": 24.065649456448025, "190": 24.06237030029297, "191": 24.084161122639973, "192": 24.06878005133735, "193": 24.640956666734482, "194": 24.526307423909504}, "discriminator_loss": {"1": 1.1848745476454496, "2": 0.015892249945965078, "3": 0.06429385468881163, "4": 0.05702079436741769, "5": 0.0012255520559847355, "6": 0.0007749891438935366, "7": 0.000597836297755647, "8": 0.0007565228055076053, "9": 0.0005353316955734044, "10": 0.0004780732302202119, "11": 0.00013057724572718143, "12": 0.00011416986429442962, "13": 0.0001053490737427233, "14": 9.550484780144568e-05, "15": 8.732801426150318e-05, "16": 2.1056371518190846, "17": 1.6427846940851951, "18": 9.940572070061332e-05, "19": 5.926267395908427e-05, "20": 4.6215383109584865e-05, "21": 3.966007049408896e-05, "22": 5.060068158652737e-05, "23": 0.00022576598065724183, "24": 0.19562772434356804, "25": 0.00013537778997690312, "26": 0.0001701443106867373, "27": 0.0002552567748352885, "28": 0.000192775981203239, "29": 0.0001238675387058821, "30": 0.0007699873135101774, "31": 0.06407184161556263, "32": 0.00031121616322909377, "33": 0.0011817182134513536, "34": 0.0002743875164823193, "35": 0.00015635454878469722, "36": 0.00015130672707325884, "37": 0.00016444320984495184, "38": 0.0001567289162065006, "39": 0.00014590499146531025, "40": 0.00012758602921773368, "41": 0.00011307993554510176, "42": 0.00010229174060643547, "43": 9.245329096706377e-05, "44": 8.469132121212574e-05, "45": 7.833441324894213e-05, "46": 7.599703045949961e-05, "47": 0.000522129392872254, "48": 0.000730683702082994, "49": 0.00021593528961400606, "50": 0.0001863404209466858, "51": 0.000916303387687852, "52": 0.0051556877668998725, "53": 0.0026390518849236993, "54": 0.002542401838582009, "55": 0.0009698266819921426, "56": 0.0002308828649499143, "57": 8.227182681568795e-05, "58": 5.715191259191165e-05, "59": 4.410358653533169e-05, "60": 3.989627900106522e-05, "61": 0.0009616764469279184, "62": 0.00012002976291114464, "63": 6.74265748885874e-05, "64": 4.834532147570927e-05, "65": 3.799674272563102e-05, "66": 3.1240625604469744e-05, "67": 2.6591386105994592e-05, "68": 2.319325479523589e-05, "69": 2.0559399571437905e-05, "70": 1.8460759747540578e-05, "71": 1.6841739933523866e-05, "72": 1.5327193674844846e-05, "73": 1.4157118534462319e-05, "74": 1.3114124764494287e-05, "75": 1.2237192802583902e-05, "76": 1.1450313144854994e-05, "77": 1.0774852449281348e-05, "78": 1.0183891188514988e-05, "79": 9.621180247955232e-06, "80": 9.14498125186785e-06, "81": 8.692739457829804e-06, "82": 8.282014480048221e-06, "83": 7.903398050580614e-06, "84": 7.572833965241443e-06, "85": 7.269934384465968e-06, "86": 6.9861151940939535e-06, "87": 6.723212916565697e-06, "88": 6.483105759495326e-06, "89": 6.251577209089494e-06, "90": 6.032513738318812e-06, "91": 5.852016784047009e-06, "92": 5.663975318586583e-06, "93": 5.5111203841483475e-06, "94": 5.298089490679558e-06, "95": 5.140679857302328e-06, "96": 5.0027537225913775e-06, "97": 4.8582055064293345e-06, "98": 4.7453357991697785e-06, "99": 4.604112746164901e-06, "100": 4.481178621063009e-06,