{"generator_loss": {"1": 41.6845352602005, "2": 40.567934975624084, "3": 40.44643760681152, "4": 40.416951932907104, "5": 40.18030683994293}, "discriminator_loss": {"1": 0.2767110775364563, "2": 0.2801750247646123, "3": 0.2800587040092796, "4": 0.30023740116972475, "5": 0.30776659239083526}}