{"generator_loss": {"1": 11.43495943329551, "2": 6.784482172944329, "3": 6.599614612080834, "4": 6.616470312530344, "5": 6.786542897874659, "6": 7.100580949674953, "7": 7.386674664237282, "8": 7.566544253717769, "9": 7.795815402811224, "10": 8.04959514466199, "11": 8.09397320042957, "12": 8.290441019968553, "13": 8.05561705881899, "14": 7.692761721936139, "15": 6.422982367602262, "16": 7.454396591945128, "17": 8.14451688798991, "18": 8.416083384643901, "19": 8.917658426544882, "20": 9.191276013851166}, "discriminator_loss": {"1": 0.18696268952705644, "2": 0.051327626115049825, "3": 0.02437223031566563, "4": 0.015038242309608242, "5": 0.011754767027344893, "6": 0.008646363963965665, "7": 0.0062328397365159945, "8": 0.004949333558959717, "9": 0.0035698178425346587, "10": 0.0026598223564426667, "11": 0.003848649919911457, "12": 0.002045501429661685, "13": 0.002644504042770925, "14": 0.005265157492513853, "15": 0.007324084721569141, "16": 0.002879372088831257, "17": 0.002226493105064781, "18": 0.0018185069367808121, "19": 0.0013672742709538645, "20": 0.0011556280342946675}}