{"generator_loss": {"1": 9.337190684947101, "2": 6.098814349282872, "3": 6.209370621226051, "4": 6.35869191180576, "5": 6.495017501440915, "6": 6.738894831050526, "7": 7.0581801723350175, "8": 7.3220743320205, "9": 7.5837980806827545, "10": 7.762119024991989, "11": 7.937633389776403}, "discriminator_loss": {"1": 0.20163266254927625, "2": 0.05094606484371153, "3": 0.026303881059654734, "4": 0.016412289141126992, "5": 0.012835628294851631, "6": 0.01045250707962127, "7": 0.006906838098075241, "8": 0.004920566258740358, "9": 0.0035482117408801887, "10": 0.0028082963491959326, "11": 0.002268793280977248}}